track_id,track_name,artist_name,album_release_date,month_of_release,track_popularity,duration_ms,duration_min,explicit,is_hit
3CWq0pAKKTWb0K4yiglDc4,You’re Losing Me (From The Vault),Taylor Swift,2023-11-29,11,74.0,277831,4.630516666666667,0,1
045ZeOHPIzhxxsm8bq5kyE,Out Of The Woods (Taylor's Version),Taylor Swift,2023-10-26,10,75.0,235800,3.93,0,1
3sW3oSbzsfecv9XoUdGs7h,Enchanted (Taylor's Version),Taylor Swift,2023-07-07,7,77.0,353253,5.88755,0,1
3xYJScVfxByb61dYHTwiby,Hits Different,Taylor Swift,2023-05-26,5,70.0,234466,3.907766666666667,1,1
5KD6AEm19QnMbfWpfoOHMl,Now That We Don't Talk (Taylor's Version) (From The Vault),Taylor Swift,2023-10-26,10,71.0,146436,2.4406,0,1
1Iq8oo9XkmmvCQiGOfORiz,Is It Over Now? (Taylor's Version) (From The Vault),Taylor Swift,2023-10-26,10,72.0,229477,3.8246166666666666,0,1
1hjRhYpWyqDpPahmSlUTlc,Style (Taylor's Version),Taylor Swift,2023-10-26,10,74.0,231000,3.85,0,1
1K39ty6o1sHwwlZwO6a7wK,Wildest Dreams (Taylor's Version),Taylor Swift,2023-10-26,10,75.0,220433,3.6738833333333334,0,1
71BqAINEnezjQfxE4VuJfq,"""Slut!"" (Taylor's Version) (From The Vault)",Taylor Swift,2023-10-26,10,73.0,180381,3.00635,0,1
4NioO5R9sHEZh4cGzMHyNt,Say Don't Go (Taylor's Version) (From The Vault),Taylor Swift,2023-10-26,10,69.0,279833,4.663883333333334,0,1
4UwqOWDpdeIDVQDuKT6iza,You Are In Love (Taylor's Version),Taylor Swift,2023-10-26,10,69.0,267389,4.456483333333333,0,1
5QVVjX0ZItqlVpEuVCM9Yg,This Love (Taylor’s Version),Taylor Swift,2023-10-26,10,69.0,250100,4.168333333333333,0,1
79uDOz0zuuWS7HWxzMmTa2,Back To December (Taylor's Version),Taylor Swift,2023-07-07,7,71.0,294189,4.90315,0,1
4hqJ4bSlYJOXb6Z4SRmzxs,Long Live (Taylor's Version),Taylor Swift,2023-07-07,7,69.0,317960,5.299333333333333,0,1
5kHMfzgLZP95O9NBy0ku4v,I Can See You (Taylor’s Version) (From The Vault),Taylor Swift,2023-07-07,7,69.0,273186,4.5531,0,1
4zmKGsrXjLmljb5fTaBTot,Snow On The Beach (feat. More Lana Del Rey),Taylor Swift,2023-05-26,5,72.0,229942,3.8323666666666667,1,1
2ByBBvpR9b7IynvRmnG7kG,Clean (Taylor's Version),Taylor Swift,2023-10-26,10,68.0,271000,4.516666666666667,0,1
7G0gBu6nLdhFDPRLc0HdDG,Mine (Taylor's Version),Taylor Swift,2023-07-07,7,70.0,231706,3.8617666666666666,0,1
45wMBGri1PORPjM9PwFfrS,Blank Space (Taylor's Version),Taylor Swift,2023-10-26,10,72.0,231833,3.8638833333333333,0,1
59KOoHFcw5XfICnO57holu,Last Kiss (Taylor's Version),Taylor Swift,2023-07-07,7,67.0,369120,6.152,0,1
2vPMoMDXxu9uX1igWZmXSG,New Romantics (Taylor's Version),Taylor Swift,2023-10-26,10,66.0,230177,3.8362833333333333,0,0
3MytWN8L7shNYzGl4tAKRp,Sparks Fly (Taylor’s Version),Taylor Swift,2023-07-07,7,67.0,261230,4.353833333333333,0,1
6INztpNwOTlfSKTuPo0HOP,The Alcott (feat. Taylor Swift),The National,2023-04-28,4,66.0,267773,4.462883333333333,0,0
3pv7Q5v2dpdefwdWIvE7yH,Shake It Off (Taylor's Version),Taylor Swift,2023-10-26,10,67.0,219209,3.6534833333333334,0,1
1HCdems7PQZRj42QDWLA0A,Timeless (Taylor’s Version) (From The Vault),Taylor Swift,2023-07-07,7,64.0,321396,5.3566,0,0
6dTA6y0C2ReQklntzZl8l3,The Story Of Us (Taylor's Version),Taylor Swift,2023-07-07,7,65.0,267653,4.460883333333333,0,0
1hR8BSuEqPCCZfv93zzzz9,Welcome To New York (Taylor's Version),Taylor Swift,2023-10-26,10,65.0,212600,3.5433333333333334,0,0
4tMzIAFTFdqGBQLdfbPces,Haunted (Taylor's Version),Taylor Swift,2023-07-07,7,64.0,245413,4.090216666666667,0,0
6qAcApH8obo8eqatCKUHd9,Bad Blood (feat. Kendrick Lamar) (Taylor's Version),Taylor Swift,2023-10-27,10,63.0,199773,3.32955,0,0
1zU8j1x3yi9xalMF96pzKp,Dear John (Taylor's Version),Taylor Swift,2023-07-07,7,64.0,405906,6.7651,0,0
6GXgd1BPD9bUpqw5AntGV5,All You Had To Do Was Stay (Taylor's Version),Taylor Swift,2023-10-26,10,65.0,193289,3.2214833333333335,0,0
6qxvy9Pe4RJIq5JBVbbwbS,Maroon,Taylor Swift,2023-05-26,5,64.0,218270,3.6378333333333335,1,0
0NwGC0v03ysCYINtg6ns58,Better Than Revenge (Taylor's Version),Taylor Swift,2023-07-07,7,64.0,220306,3.6717666666666666,0,0
5Se32hEA9raeboZerywxka,You Broke My Heart,Drake,2023-11-17,11,75.0,230709,3.84515,1,1
1yeB8MUNeLo9Ek1UEpsyz6,Rich Baby Daddy (feat. Sexyy Red & SZA),Drake,2023-10-06,10,78.0,319191,5.31985,1,1
3eP13S8D5m2cweMEg3ZDed,Virginia Beach,Drake,2023-10-06,10,75.0,251094,4.1849,1,1
7aRCf5cLOFN1U7kvtChY1G,Search & Rescue,Drake,2023-04-07,4,72.0,272112,4.5352,1,1
7aqfrAY2p9BUSiupwk3svU,First Person Shooter (feat. J. Cole),Drake,2023-10-06,10,72.0,247444,4.124066666666667,1,1
3IHt4j5uAEl7iBu8Utn985,Tried Our Best,Drake,2023-10-06,10,71.0,209990,3.499833333333333,1,1
67nepsnrcZkowTxMWigSbb,MELTDOWN (feat. Drake),Travis Scott,2023-07-28,7,73.0,246133,4.102216666666667,1,1
2YSzYUF3jWqb9YP9VXmpjE,IDGAF (feat. Yeat),Drake,2023-10-06,10,75.0,260111,4.335183333333333,1,1
0w3Mfe4PIVjuFjJbe3OlYv,8am in Charlotte,Drake,2023-10-06,10,69.0,266847,4.44745,1,1
3RaCGXCiiMufRPoexXxGkV,Slime You Out (feat. SZA),Drake,2023-09-15,9,68.0,310490,5.174833333333333,1,1
0AYt6NMyyLd0rLuvr0UkMH,Slime You Out (feat. SZA),Drake,2023-10-06,10,67.0,310490,5.174833333333333,1,1
3JZjcKImHcmOI9ylL4zrSc,Bahamas Promises,Drake,2023-10-06,10,67.0,184089,3.06815,1,1
7qLr3HMApUbyDkUvgIvHnB,Oh U Went (feat. Drake),Young Thug,2023-06-23,6,65.0,185333,3.0888833333333334,1,0
03rwnftfgpYVO6QDWOZcG6,Drew A Picasso,Drake,2023-10-06,10,67.0,262768,4.379466666666667,1,1
24FUBxaAYSBlWsbSnEzDcn,Members Only (feat. PARTYNEXTDOOR),Drake,2023-10-06,10,67.0,277720,4.628666666666667,1,1
6ZprqcYFC6D9eIZaCoqrSn,Gently (feat. Bad Bunny),Drake,2023-10-06,10,67.0,133694,2.2282333333333333,1,1
3oZZfVvLJuDYc4Vn3A63Fw,Polar Opposites,Drake,2023-10-06,10,64.0,257180,4.286333333333333,1,0
0ZB5pdrM1leH58IgokDPZM,Stories About My Brother,Drake,2023-11-17,11,64.0,264130,4.402166666666667,1,0
17IBDpAl3J39swaoPlfGpp,Another Late Night (feat. Lil Yachty),Drake,2023-10-06,10,63.0,170414,2.8402333333333334,1,0
4IcbUXrAzBtn6iUO1LP471,Away From Home,Drake,2023-10-06,10,63.0,258592,4.309866666666666,1,0
1PIgY9ybyFT9uWLM5POYGY,All The Parties (feat. Chief Keef),Drake,2023-10-06,10,64.0,218611,3.6435166666666667,1,0
1DAibqbopEYULPEtE8WHTE,What Would Pluto Do,Drake,2023-10-06,10,64.0,182998,3.0499666666666667,1,0
1GpWY5RiInhezB8wGWs6oN,7969 Santa,Drake,2023-10-06,10,62.0,259846,4.330766666666666,1,0
5Mc8XDfGQCMkOEZm9rS1cE,Red Button,Drake,2023-11-17,11,60.0,160049,2.667483333333333,1,0
4ZT0wGKwlJRjpMUuwZVy3p,Daylight,Drake,2023-10-06,10,62.0,164142,2.7357,1,0
53KaP77tkliz36LPxWGlWK,Fear Of Heights,Drake,2023-10-06,10,61.0,155154,2.5859,1,0
6pD0ufEQq0xdHSsRbg9LBK,un x100to,Grupo Frontera,2023-04-17,4,76.0,194563,3.2427166666666665,0,1
39L3LdlHS3gqB62HPWaJRg,NO ME QUIERO CASAR,Bad Bunny,2023-10-13,10,79.0,225654,3.7609,1,1
46YjJXVXWHlQ21odKktg5e,MOJABI GHOST,Tainy,2023-06-29,6,81.0,232131,3.86885,1,1
4MjDJD8cW7iVeWInc2Bdyj,MONACO,Bad Bunny,2023-10-13,10,80.0,267194,4.453233333333333,1,1
7iQXYTyuG13aoeHxGG28Nh,PERRO NEGRO,Bad Bunny,2023-10-13,10,82.0,162767,2.7127833333333333,1,1
1ODFVLQszq0hCOdZtqV5wq,MR. OCTOBER,Bad Bunny,2023-10-13,10,72.0,189258,3.1543,1,1
4Jc7252S1P99DjQ1lNGEOc,CYBERTRUCK,Bad Bunny,2023-10-13,10,71.0,191959,3.199316666666667,1,1
7ro0hRteUMfnOioTFI5TG1,WHERE SHE GOES,Bad Bunny,2023-05-18,5,75.0,231704,3.8617333333333335,1,1
3NhstUmrlhaN1M6hP8zMbb,BABY NUEVA,Bad Bunny,2023-10-13,10,72.0,240773,4.012883333333333,1,1
04x1x0L8BYyIv1XlcJxWfi,Lo Siento BB:/,Tainy,2023-06-29,6,74.0,206343,3.43905,1,1
3nNmRE0DxHC6ZaKkrpUumS,FINA,Bad Bunny,2023-10-13,10,75.0,216327,3.60545,1,1
0PB0O24JqAuNdOAFVJljMS,Coco Chanel,Eladio Carrion,2023-03-17,3,74.0,208125,3.46875,1,1
5qzLdvRViHUrRNdkpakG7C,BATICANO,Bad Bunny,2023-10-13,10,68.0,256000,4.266666666666667,1,1
5ixdmTpCmH5diBA1j154wN,UN PREVIEW,Bad Bunny,2023-10-13,10,67.0,165582,2.7597,1,1
3mRF0YNsDdFKFnxwg16hSz,VUELVE CANDY B,Bad Bunny,2023-10-13,10,69.0,266171,4.436183333333333,1,1
1C7lXfx4Y5maVl4AgUVlHA,ACHO PR,Bad Bunny,2023-10-13,10,71.0,359647,5.994116666666667,1,1
5L3ecxQnQ9qTBmnLQiwf0C,K-POP,Travis Scott,2023-07-21,7,68.0,185220,3.087,1,1
4pcafPzLDSqQktqSpxHL3E,THUNDER Y LIGHTNING,Bad Bunny,2023-10-13,10,70.0,217133,3.6188833333333332,1,1
7ucEkWU0SVy0XFdfXESgfY,LOS PITS,Bad Bunny,2023-10-13,10,69.0,250851,4.18085,1,1
1YnChEM51BVZ5dRhbVFEMl,SEDA,Bad Bunny,2023-10-13,10,70.0,190476,3.1746,1,1
4o82J5zr4DFEs9yj5szCVX,K-POP (feat. Bad Bunny & The Weeknd),Travis Scott,2023-07-28,7,60.0,185220,3.087,1,0
63ui2w3QJBp8xx0c1MJB2Z,UN PREVIEW,Bad Bunny,2023-09-25,9,66.0,165582,2.7597,1,0
23d8v6tU6lR77pFKsApMtF,NADIE SABE,Bad Bunny,2023-10-13,10,71.0,379058,6.317633333333333,1,1
01ppKlDRCmPpusO3yNrSRY,TELEFONO NUEVO,Bad Bunny,2023-10-13,10,73.0,354784,5.9130666666666665,1,1
3TYOH7ta0101NYssoH5GlU,MERCEDES CAROTA,Bad Bunny,2023-10-13,10,71.0,202635,3.37725,1,1
4qSEvFGCpde73gqIuq3sho,HIBIKI,Bad Bunny,2023-10-13,10,72.0,208000,3.466666666666667,1,1
38UYeBLfvpnDSG9GznZdnL,Tormenta (feat. Bad Bunny),Gorillaz,2023-02-24,2,69.0,193463,3.2243833333333334,1,1
2sTDlCxmuZCTDKKk9f1qus,WHERE SHE GOES,Bad Bunny,2023-10-13,10,70.0,231704,3.8617333333333335,1,1
51Awtxah1bdEZCnUP3i70E,un x100to,Grupo Frontera,2023-08-25,8,69.0,194563,3.2427166666666665,0,1
1U3A66OHQyTu4N2QTMsP86,GRACIAS POR NADA,Bad Bunny,2023-10-13,10,66.0,177450,2.9575,1,0
0rDQZJtSGgsB2rdkObpdFa,VOU 787,Bad Bunny,2023-10-13,10,67.0,123643,2.0607166666666665,1,1
67m53SyedbOS5fUGcfT3Ab,Tormenta (feat. Bad Bunny),Gorillaz,2023-02-27,2,50.0,193463,3.2243833333333334,1,0
3BE3IYsAhqkTiRIR7T7x7M,Gently (feat. Bad Bunny),Drake,2023-11-17,11,49.0,133694,2.2282333333333333,1,0
5xzOYsed90dyzNH7MSigpp,Gently (feat. Bad Bunny),Drake,2023-10-05,10,50.0,133694,2.2282333333333333,0,0
3vUDNDbhYkfidboErlk7cx,K-POP,Travis Scott,2023-07-19,7,45.0,185220,3.087,0,0
02OKVnWppSh1jYZajEo5xn,Si Tu Novio Te Deja Sola,J Balvin,2023-08-16,8,43.0,243560,4.059333333333333,1,0
6wf7Yu7cxBSPrRlWeSeK0Q,"What Was I Made For? [From The Motion Picture ""Barbie""]",Billie Eilish,2023-07-13,7,85.0,222369,3.70615,0,1
6SMGb4zT6kiM19rnDPwbEJ,The 30th,Billie Eilish,2023-05-23,5,46.0,216448,3.607466666666667,0,0
0WFryfbNKPXVtVQlz5dZ8H,hotline (edit),Billie Eilish,2023-05-09,5,74.0,60719,1.0119833333333332,0,1
42NtOEqKCVvAyBnm8wETPR,watch,Billie Eilish,2023-07-21,7,24.0,177523,2.9587166666666667,0,0
0JT9oyYo7YylcP2QHGfi40,my strange addiction,Billie Eilish,2023-04-07,4,30.0,179889,2.99815,0,0
03zqXfOjpVAICjPMHLNmZc,ocean eyes,Billie Eilish,2023-09-27,9,51.0,200386,3.3397666666666668,0,0
6pYnaEMahNMSBzRC9YqTms,"What Was I Made For? [From The Motion Picture ""Barbie""]",Billie Eilish,2023-09-12,9,41.0,222369,3.70615,0,0
3C46r0nICUc9kNKjuKdqa1,all the good girls go to hell - Prime Day Show x Billie Eilish,Billie Eilish,2023-05-25,5,27.0,167044,2.7840666666666665,0,0
60nzejjYGIsfWn1abHlCBq,all the good girls go to hell - Prime Day Show x Billie Eilish,Billie Eilish,2023-02-17,2,30.0,167044,2.7840666666666665,0,0
4b4GrzUXN9oxxKXqxmXUwE,The 30th,Billie Eilish,2023-05-03,5,35.0,216448,3.607466666666667,0,0
7kUfTvf0XELkhHtS3dmKdr,The 30th,Billie Eilish,2023-03-14,3,30.0,216448,3.607466666666667,0,0
44cdkV6hHvUOZDt57CU6zV,watch,Billie Eilish,2023-07-04,7,48.0,177523,2.9587166666666667,0,0
0XUVBHSSdANm9Tq7pFTE5m,ilomilo,Billie Eilish,2023-08-25,8,21.0,156370,2.6061666666666667,0,0
1qJRLoQdkdkfOvqckvKn9T,ocean eyes,Billie Eilish,2023-09-26,9,25.0,200386,3.3397666666666668,0,0
3Syv7KAb0aYUaanltiF9Nl,everything i wanted,Billie Eilish,2023-06-09,6,23.0,245425,4.090416666666667,0,0
5lqr7V0LohxtfHznvmGz0y,bellyache,Billie Eilish,2023-04-14,4,23.0,179172,2.9862,0,0
4T4H6qqvMLYI8Ke54F4HMU,when the party's over,Billie Eilish,2023-08-02,8,19.0,199931,3.3321833333333335,0,0
2v4cuxlyrXT0vX65Lr0aKI,TV,Billie Eilish,2023-05-04,5,18.0,281380,4.689666666666667,0,0
2VxCbmFcE2stqraKJ8VYwG,come out and play,Billie Eilish,2023-04-10,4,19.0,210375,3.50625,0,0
0Mjts1amZGcObuFE8iGzwy,when the party's over,Billie Eilish,2023-07-31,7,17.0,199931,3.3321833333333335,0,0
45RFKiCdKuFeJIQbIRkweg,ocean eyes,Billie Eilish,2023-03-20,3,25.0,200386,3.3397666666666668,0,0
3T4nvZmw7zmcosWmcSWqFS,When the Party’s Over - Instrumental Version,Billie Eilish,2023-12-15,12,17.0,195519,3.25865,0,0
6UQgyjC53iUIT4D3yse5j8,ilomilo - Live From The Film - Billie Eilish: The World’s A Little Blurry,Billie Eilish,2023-09-08,9,17.0,164051,2.734183333333333,0,0
6ZlzREQxg2kADGJWIDiT2H,ocean eyes,Billie Eilish,2023-09-26,9,26.0,200386,3.3397666666666668,0,0
0e6sVHhvctdQQ3h36pblUo,COPYCAT,Billie Eilish,2023-08-01,8,20.0,194711,3.2451833333333333,0,0
0e9MTzIXoKCTZ4TRz7GOzn,i love you,Billie Eilish,2023-05-17,5,26.0,291796,4.863266666666667,0,0
7zjNsDAiU3XtNFEKOOW1oD,ocean eyes,Billie Eilish,2023-09-15,9,26.0,200386,3.3397666666666668,0,0
0UqDRxxNK41LQdiPGNTQyD,when the party's over,Billie Eilish,2023-06-06,6,13.0,199931,3.3321833333333335,0,0
2s2uvcR0w8CysF07ANGjzw,when the party's over,Billie Eilish,2023-05-29,5,13.0,199931,3.3321833333333335,0,0
5cCuLrtjKY3eN4zGafrzqH,when the party's over,Billie Eilish,2023-05-23,5,14.0,199931,3.3321833333333335,0,0
22kLpft6GeBGfJXabAdnp5,when the party's over,Billie Eilish,2023-09-20,9,14.0,199931,3.3321833333333335,0,0
0Yp4jwm7DllEjytVQtxIcs,idontwannabeyouanymore,Billie Eilish,2023-09-15,9,19.0,203569,3.3928166666666666,0,0
6m4HKOjwe4MFAyfLsQLz5s,when the party's over,Billie Eilish,2023-08-04,8,14.0,199931,3.3321833333333335,0,0
1enM7Zk8Hz90KA8iBwx9W8,hostage,Billie Eilish,2023-04-16,4,13.0,229425,3.82375,0,0
2ZS1diJkBIHD3fuT3MeKlh,all the good girls go to hell - Prime Day Show x Billie Eilish,Billie Eilish,2023-07-21,7,10.0,167044,2.7840666666666665,0,0
5SzjZdZJI93pLxs2e2ug9T,when the party's over,Billie Eilish,2023-06-12,6,14.0,199931,3.3321833333333335,0,0
3TdRBDeZy9dExxTmBMf4eR,bitches broken hearts,Billie Eilish,2023-04-07,4,13.0,176471,2.9411833333333335,1,0
2Cfp7M8V1Mtw8UiAjfxmY0,when the party's over,Billie Eilish,2023-05-31,5,14.0,199931,3.3321833333333335,0,0
6PnvXbH3TmPsbH91V0IUpC,"What Was I Made For? (From ""Barbie"") - Piano Instrumental Version",Finneas O'Connell,2023-09-01,9,15.0,215781,3.59635,0,0
38xoUJ0buB6GPMYUQufOnI,ilomilo,Billie Eilish,2023-06-29,6,20.0,156370,2.6061666666666667,0,0
20qAjCnjM2t5eDr37jTncq,bitches broken hearts,Billie Eilish,2023-04-14,4,17.0,176471,2.9411833333333335,1,0
7ozDOwJmSth2luZMQperPs,when the party's over,Billie Eilish,2023-08-04,8,15.0,199931,3.3321833333333335,0,0
4VZbatewOg4LjFIvO1L9Pw,when the party's over,Billie Eilish,2023-05-30,5,15.0,199931,3.3321833333333335,0,0
0cyIGpK9HZQG1WxmlifXmW,xanny,Billie Eilish,2023-04-10,4,16.0,243725,4.062083333333334,0,0
4a2V4rKcDNv4Zn1TgVJVaI,TV,Billie Eilish,2023-09-20,9,16.0,281380,4.689666666666667,0,0
40D9hF4ojhcL024kblcT2m,xanny,Billie Eilish,2023-04-11,4,15.0,243725,4.062083333333334,0,0
4DXSspixN8EJBQLk7SG6Mr,TV,Billie Eilish,2023-07-03,7,16.0,281380,4.689666666666667,0,0
4dSqM7dD5KPWZUPu5VotOa,TV,Billie Eilish,2023-08-24,8,16.0,281380,4.689666666666667,0,0
3q59BWVUm7PiOW1csJVOIn,my strange addiction,Billie Eilish,2023-08-24,8,19.0,179889,2.99815,0,0
33O46z62Iq2Ns5BiOFukP4,when the party's over,Billie Eilish,2023-04-26,4,16.0,199931,3.3321833333333335,0,0
7fKKVErlFT8ywS3ktNoRcs,hostage,Billie Eilish,2023-09-30,9,14.0,229425,3.82375,0,0
55ONLp2rUDfj2Iz2f5pv1w,ilomilo,Billie Eilish,2023-04-07,4,10.0,156370,2.6061666666666667,0,0
0HsL56rezxcuFtQVmOa3bF,my strange addiction,Billie Eilish,2023-03-06,3,10.0,179889,2.99815,0,0
0SY8nYotpKj19HMVQPPOu9,Male Fantasy,Billie Eilish,2023-04-08,4,11.0,194886,3.2481,0,0
7HG9UR6RRGDp9xvPOrt2tY,Billie Bossa Nova,Billie Eilish,2023-07-21,7,12.0,196730,3.2788333333333335,0,0
7BAfbP2veRmRBwEKQT6w10,watch,Billie Eilish,2023-05-06,5,19.0,177523,2.9587166666666667,0,0
19rmRu52jyF21PDPD20SZG,Your Power,Billie Eilish,2023-04-15,4,12.0,245896,4.0982666666666665,0,0
3IaWV68WWe5EOhgHv7yrBs,xanny,Billie Eilish,2023-09-15,9,11.0,243725,4.062083333333334,0,0
61TzBLJCyDpUHqn8yoIkJK,you should see me in a crown,Billie Eilish,2023-03-07,3,11.0,180566,3.0094333333333334,0,0
6Va21GQstINkioY3TFLDpZ,all the good girls go to hell,Billie Eilish,2023-08-23,8,11.0,168839,2.8139833333333333,0,0
1mXSZ8vGZP3v5Va7ksEVcu,you should see me in a crown,Billie Eilish,2023-07-04,7,12.0,180566,3.0094333333333334,0,0
3zBgYQxVLouuVLIv7JXCPJ,Bored,Billie Eilish,2023-10-20,10,11.0,180933,3.01555,0,0
34PLVokU0RelNbFeckNV0G,Billie Bossa Nova,Billie Eilish,2023-08-25,8,12.0,196730,3.2788333333333335,0,0
4rtyRyZNmt9rjtVMkaTpjg,hostage,Billie Eilish,2023-03-06,3,11.0,229425,3.82375,0,0
4fFOSKGfjqyCYVJ8vaBKUL,goodbye,Billie Eilish,2023-02-21,2,11.0,119409,1.99015,0,0
1JO1NyzHeLRQMDs6ZpVPon,when the party's over,Billie Eilish,2023-06-22,6,14.0,199931,3.3321833333333335,0,0
1HltKUoGBKlCh8Y3eboJai,watch,Billie Eilish,2023-05-06,5,19.0,177523,2.9587166666666667,0,0
6trROAN6Pq1LSEdYywVTQP,No Time To Die,Billie Eilish,2023-07-04,7,17.0,242265,4.03775,0,0
2L0PaoHqDElbYeeqEVnZAy,NDA,Billie Eilish,2023-04-03,4,15.0,195776,3.2629333333333332,1,0
6WzRpISELf3YglGAh7TXcG,Popular (with Playboi Carti & Madonna) - From The Idol Vol. 1 (Music from the HBO Original Series),The Weeknd,2023-06-02,6,82.0,215466,3.5911,1,1
7CyPwkp0oE8Ro9Dd5CUDjW,"One Of The Girls (with JENNIE, Lily Rose Depp)",The Weeknd,2023-06-23,6,91.0,244684,4.0780666666666665,0,1
4GL9GMX9t7Qkprvf1YighZ,CIRCUS MAXIMUS (feat. The Weeknd & Swae Lee),Travis Scott,2023-07-28,7,66.0,258842,4.314033333333334,1,0
010ZkIVv6Ay5vqqHVCCiKB,"Fill The Void (with Lily Rose Depp, Ramsey)",The Weeknd,2023-06-23,6,72.0,185751,3.09585,0,1
4VMRsbfZzd3SfQtaJ1Wpwi,Double Fantasy (with Future),The Weeknd,2023-04-21,4,69.0,268235,4.470583333333333,1,1
4W4fNrZYkobj539TOWsLO2,Die For You (with Ariana Grande) - Remix,The Weeknd,2023-03-14,3,74.0,232857,3.88095,0,1
7oDd86yk8itslrA9HRP2ki,Die For You - Remix,The Weeknd,2023-02-24,2,73.0,232857,3.88095,0,1
5HUQPQ9E1a4er4UhB8C7Rc,Dollhouse (with Lily Rose Depp),The Weeknd,2023-07-03,7,64.0,239783,3.996383333333333,0,0
4JNdwEfqwFRiAeEISC8RU8,Die For You (with Ariana Grande) - Remix,The Weeknd,2023-02-27,2,72.0,232857,3.88095,0,1
6cViXqp01e3FrAaseuiSAV,"False Idols (with Lil Baby, Suzanna Son)",The Weeknd,2023-06-30,6,63.0,262229,4.3704833333333335,1,0
54XqJ3fP3GxmUejMsKwCaK,One Of The Girls,The Weeknd,2023-12-08,12,60.0,244684,4.0780666666666665,0,0
4hGmQboiou09EwhcTWa0H6,Another One Of Me (feat. 21 Savage),Diddy,2023-09-15,9,51.0,220408,3.6734666666666667,1,0
10OyIs6KCOmDO19J5wWFPx,Call Out My Name - Live,The Weeknd,2023-03-03,3,50.0,242899,4.048316666666667,0,0
67gUqq3wVAztSquOpNZ4Xs,Popular (with Playboi Carti & Madonna) - From The Idol Vol. 1 (Music from the HBO Original Series),The Weeknd,2023-06-02,6,53.0,215466,3.5911,0,0
63kLorCFyk4ZHMHPhcWOtO,Life Goes On (feat. Luke Combs),Ed Sheeran,2023-05-03,5,68.0,210208,3.5034666666666667,0,1
3p7XQpdt8Dr6oMXSvRZ9bg,Eyes Closed,Ed Sheeran,2023-05-05,5,72.0,194848,3.2474666666666665,0,1
1nHKI4L5pWrN5CUvW07nHP,Let Her Go (feat. Ed Sheeran) - Anniversary Edition,Passenger,2023-11-10,11,67.0,256986,4.2831,0,1
0vber253Le8WWt7gKorVe9,End Of Youth,Ed Sheeran,2023-05-05,5,56.0,231040,3.8506666666666667,0,0
4rDvBpFgKbgJepZTaP0rD6,American Town,Ed Sheeran,2023-09-29,9,58.0,197976,3.2996,0,0
6jemILri7l5LuPhKs2nuXr,Boat,Ed Sheeran,2023-05-05,5,58.0,185675,3.0945833333333335,0,0
6ZZf5a8oiInHDkBe9zXfLP,Curtains,Ed Sheeran,2023-05-05,5,59.0,224803,3.7467166666666665,0,0
16axxBqfSvis8mjhrLHWeH,Who We Love (feat. Ed Sheeran),Sam Smith,2023-01-27,1,57.0,162390,2.7065,0,0
1eYafSv4c2aFNf98hSFHX0,The Hills of Aberfeldy,Ed Sheeran,2023-05-05,5,52.0,195083,3.2513833333333335,0,0
6UIcjH0BzH2MKvToeEYIOZ,Salt Water,Ed Sheeran,2023-05-05,5,52.0,239770,3.996166666666667,0,0
1DSwFkEe28GSFmdIK92OFX,Vega,Ed Sheeran,2023-05-05,5,54.0,178114,2.968566666666667,0,0
20uknEOwx3PpiGL2Es2vCg,Magical,Ed Sheeran,2023-09-29,9,55.0,194277,3.23795,0,0
74eJR4gwG1ZmG4BFkbrOlA,Life Goes On,Ed Sheeran,2023-05-05,5,55.0,210208,3.5034666666666667,0,0
5M12X6gQDoMMqqlRDg5Bfo,Stoned - Bonus Track,Ed Sheeran,2023-05-05,5,48.0,197098,3.2849666666666666,0,0
3qwxZ8ygOYSWE790KcfgU1,Sycamore,Ed Sheeran,2023-05-05,5,49.0,170075,2.8345833333333332,0,0
5d05WZ5D9jdLPccenjnet1,Let Her Go (feat. Ed Sheeran) - Anniversary Edition Acoustic,Passenger,2023-11-10,11,43.0,255933,4.26555,0,0
09UTOp33EhOSWzvGL0YOws,No Strings,Ed Sheeran,2023-05-05,5,48.0,174087,2.90145,0,0
0bCnvkP7PYCJV64sQLl5mm,Borderline,Ed Sheeran,2023-05-05,5,48.0,237756,3.9626,0,0
5DFi6D7SrYHRIgZbY5MqqE,F64,Ed Sheeran,2023-01-19,1,52.0,204893,3.4148833333333335,1,0
26J3f0d3ZuN7g66xBdey8o,Spark,Ed Sheeran,2023-05-05,5,50.0,214846,3.580766666666667,0,0
290x9rCh2EWcJ9YKpfiI9z,Colourblind,Ed Sheeran,2023-05-05,5,51.0,209267,3.4877833333333332,0,0
4u4A4lPpiw54evLxTaLeRJ,Dusty,Ed Sheeran,2023-05-05,5,50.0,222957,3.71595,0,0
3SWLFqvadQmOMpEfrp4FMU,Blue,Ed Sheeran,2023-09-29,9,51.0,153899,2.564983333333333,0,0
4fUMgL19kixzHhrttFZXsD,Amazing,Ed Sheeran,2023-09-29,9,43.0,245813,4.096883333333333,0,0
6n8UfmEOGvDGxYRUrGf4z7,That’s On Me,Ed Sheeran,2023-09-29,9,43.0,227398,3.7899666666666665,1,0
4gqRVDvnILW0cvBWZzKcRf,Punchline,Ed Sheeran,2023-09-29,9,43.0,206008,3.4334666666666664,0,0
5xJrqHHLIqJlaK6c05pwYB,Eyes Closed - Lost Frequencies Remix,Ed Sheeran,2023-03-23,3,46.0,179529,2.99215,0,0
5xlCPBwakaVR2uwJG8Zph3,Spring,Ed Sheeran,2023-09-29,9,43.0,178615,2.976916666666667,0,0
5eL45g9qvFvydEYcmv4zic,England,Ed Sheeran,2023-09-29,9,41.0,226756,3.7792666666666666,0,0
3LP0XwrMJ6ShNSrExi7jYs,Page,Ed Sheeran,2023-09-29,9,41.0,231021,3.85035,0,0
2OTISEHIoZio1AKmKpV9BY,Midnight,Ed Sheeran,2023-09-29,9,41.0,179538,2.9923,0,0
1qvqgg3r67ayzIfuBMTJSV,Plastic Bag,Ed Sheeran,2023-09-29,9,44.0,229850,3.8308333333333335,1,0
2Hn8kSDjl8qAJ0BVgFYcnp,Call on me - feat. Ed Sheeran,Vianney,2023-11-10,11,47.0,201138,3.3523,0,0
4hy7qTxsnyZUZoqo5RtaYq,Eyes Closed,Ed Sheeran,2023-03-23,3,49.0,194848,3.2474666666666665,0,0
0Himk13I9FPFVwSyPhU3WD,Moving - Bonus Track,Ed Sheeran,2023-05-05,5,46.0,215247,3.58745,0,0
19eUFBAnHBuTz6TCJXhu7h,American Town,Ed Sheeran,2023-09-29,9,48.0,197976,3.2996,0,0
0C1dOJr5ae2tJSUGxMXTcC,Toughest - Bonus Track,Ed Sheeran,2023-05-05,5,46.0,213768,3.5628,0,0
3j2KSKjenkrIsnoANPxV7V,A Beautiful Game,Ed Sheeran,2023-05-04,5,43.0,215440,3.5906666666666665,0,0
75To9uF11PYY0vAkXnDWvW,Wildflowers - Bonus Track,Ed Sheeran,2023-05-05,5,46.0,178206,2.9701,0,0
2IGMVunIBsBLtEQyoI1Mu7,Paint The Town Red,Doja Cat,2023-08-04,8,77.0,231750,3.8625,1,1
7dJYggqjKo71KI9sLzqCs8,Agora Hills,Doja Cat,2023-09-22,9,76.0,265360,4.422666666666666,1,1
56y1jOTK0XSvJzVv9vHQBK,Paint The Town Red,Doja Cat,2023-09-20,9,76.0,230466,3.8411,1,1
5PyDJG7SQRgWXefgexqIge,Agora Hills,Doja Cat,2023-09-20,9,77.0,265360,4.422666666666666,1,1
15sNe8FD178zMsVz6ug0AS,Gun,Doja Cat,2023-09-22,9,54.0,176835,2.94725,1,0
6vb4kCEIM7zrwuHlxFbfeB,Demons,Doja Cat,2023-09-22,9,58.0,195575,3.2595833333333335,1,0
4rjQxlKAIXbEqHzjrnYZ7x,Shutcho,Doja Cat,2023-09-22,9,54.0,187408,3.123466666666667,1,0
1qimDZEBflJE25RXkF24Yg,WYM Freestyle,Doja Cat,2023-09-22,9,53.0,124096,2.0682666666666667,1,0
1WTWw1x7km3FClMaQ5lwSM,Go Off,Doja Cat,2023-09-20,9,53.0,197488,3.2914666666666665,1,0
11xC6P3iKYpFThT6Ce1KdG,Attention,Doja Cat,2023-06-16,6,59.0,277043,4.617383333333334,1,0
032UZ3KVrzII6AE9Abnj7z,Go Off,Doja Cat,2023-09-22,9,54.0,197488,3.2914666666666665,1,0
2XkuWK1lXOPkxdWdM78Q0l,Demons,Doja Cat,2023-09-20,9,55.0,195575,3.2595833333333335,1,0
0CrcwVLUe8wzLUIXgjXVZJ,Kill Bill (feat. Doja Cat),SZA,2023-04-14,4,59.0,175836,2.9306,1,0
7DlZH8EiVDgQXNoj3dnyZC,Paint The Town Red,Doja Cat,2023-09-22,9,60.0,230466,3.8411,1,0
23nW05dyMpuazGsFxdqBjB,Gun,Doja Cat,2023-09-20,9,47.0,176835,2.94725,1,0
3zLwDjumhvIFFwAAZaDNPL,97,Doja Cat,2023-09-22,9,48.0,177667,2.961116666666667,1,0
3qefkziLSTq2l5H1bRoea8,Skull And Bones,Doja Cat,2023-09-22,9,48.0,248438,4.140633333333334,1,0
6DOphQTeNmy1gk3um8sPYC,Fuck The Girls (FTG),Doja Cat,2023-09-22,9,49.0,152877,2.54795,1,0
7KaIFFdq8KgBcDDvdgTrIZ,Wet Vagina,Doja Cat,2023-09-20,9,47.0,192238,3.2039666666666666,1,0
5d8qCmymrrCaRlDk3YPgNl,Attention,Doja Cat,2023-09-20,9,49.0,275512,4.591866666666666,1,0
18EGw1StZNDftpUcX8PM74,Ouchies,Doja Cat,2023-09-22,9,50.0,122186,2.0364333333333335,1,0
56uOalQCSny79UjPrefkHy,Attention,Doja Cat,2023-09-22,9,50.0,275512,4.591866666666666,1,0
2G7SW5LADSzkwk3PTz7EMO,Agora Hills,Doja Cat,2023-09-21,9,50.0,265360,4.422666666666666,0,0
1xemKSmCnH59ze3KX5wwgH,Demons,Doja Cat,2023-08-31,8,53.0,195575,3.2595833333333335,1,0
5MqauQV2PhcEFfhKtBOTua,Wet Vagina,Doja Cat,2023-09-22,9,54.0,192238,3.2039666666666666,1,0
5ZyQqAgrPr0cVm0VfM69Np,Can't Wait,Doja Cat,2023-09-22,9,52.0,235361,3.9226833333333335,1,0
4dHRp03oxqJQfjGU8ECo7v,Paint The Town Red,Doja Cat,2023-08-03,8,52.0,231750,3.8625,0,0
3PvChJcbDMKFCQppIRYQo9,Balut,Doja Cat,2023-09-15,9,43.0,207507,3.45845,1,0
1MONYn8QsPPINNSNRfzP88,Skull And Bones,Doja Cat,2023-09-20,9,41.0,248438,4.140633333333334,1,0
0qmCk0qi44SBvugoXwwsnc,Ouchies,Doja Cat,2023-09-20,9,43.0,122186,2.0364333333333335,1,0
3yeVb5di44wD6CZ2sJromR,Balut,Doja Cat,2023-09-22,9,46.0,205454,3.4242333333333335,1,0
18dR6VljfkTb47HJOQ9chv,Often,Doja Cat,2023-09-22,9,46.0,198102,3.3017,1,0
4NW3t9GA7CyBisyoROefUs,Love Life,Doja Cat,2023-09-22,9,46.0,236960,3.949333333333333,1,0
6Op8uyzVH11oJGcCK8yyEn,Can't Wait,Doja Cat,2023-09-20,9,46.0,235361,3.9226833333333335,1,0
6geHIF8dr4TmicWdFASykz,97,Doja Cat,2023-09-20,9,37.0,177667,2.961116666666667,1,0
5X0oBRsjUtEO99z6MmmIZ8,Balut,Doja Cat,2023-09-20,9,38.0,207507,3.45845,1,0
3ORJauxAOuvOmVi0kU26Sp,Demons,Doja Cat,2023-09-01,9,39.0,195575,3.2595833333333335,1,0
3ivDcNoh6EpYIVzfG2Esht,Fuck The Girls (FTG),Doja Cat,2023-09-20,9,39.0,152877,2.54795,1,0
49CHpBYoeE9j0QIXy9dKI7,I Don't Do Drugs - Y2K Remix,Doja Cat,2023-01-20,1,40.0,174876,2.9146,1,0
40Uq6dLoDrwm06vIBFlIbm,Attention,Doja Cat,2023-06-15,6,35.0,277043,4.617383333333334,0,0
4r3JiTLV4aPb93plMl7Sk5,Demons,Doja Cat,2023-08-30,8,33.0,195575,3.2595833333333335,0,0
1vSfP2b83ORPqrnKmrc58j,I Like You (A Happier Song) (with Doja Cat),Post Malone,2023-04-21,4,32.0,192840,3.214,1,0
6i2EaF3PqU7261wFAP6crK,Often,Doja Cat,2023-09-20,9,34.0,198102,3.3017,1,0
0Rjj6c6oThmuTeNu3EP3um,Paint The Town Red - Sped Up,Doja Cat,2023-09-01,9,43.0,210681,3.51135,1,0
3OKUCSWCGg0unZ6e340RWj,Love Life,Doja Cat,2023-09-20,9,35.0,236960,3.949333333333333,1,0
56xHMIfQPoe0prrSi3BGhf,Can’t Catch Me Now - from The Hunger Games: The Ballad of Songbirds & Snakes,Olivia Rodrigo,2023-11-03,11,73.0,205483,3.424716666666667,0,1
5sp71CUt0jXRNqHblPGp7b,ballad of a homeschooled girl,Olivia Rodrigo,2023-09-08,9,69.0,203369,3.389483333333333,0,1
26QLJMK8G0M06sk7h7Fkse,love is embarrassing,Olivia Rodrigo,2023-09-08,9,73.0,154516,2.575266666666667,1,1
53dtP2iUMvaF28JZcHnFuU,logical,Olivia Rodrigo,2023-09-08,9,71.0,231907,3.8651166666666668,0,1
7fesNTgTEMEH0ye8MOgEDY,teenage dream,Olivia Rodrigo,2023-09-08,9,71.0,222358,3.705966666666667,0,1
5VJETUjJ7y46bAz4min5IB,vampire,Olivia Rodrigo,2023-09-08,9,60.0,219724,3.6620666666666666,0,0
3Nl5OkkmS5DaBZvuYofpAt,the grudge,Olivia Rodrigo,2023-09-08,9,75.0,189386,3.156433333333333,1,1
34sOdxWu9FljH84UXdRwu1,all-american bitch,Olivia Rodrigo,2023-09-08,9,73.0,165833,2.7638833333333332,1,1
17cia5k4BpGVlyEfqrFH50,Can’t Catch Me Now - from The Hunger Games: The Ballad of Songbirds & Snakes,Olivia Rodrigo,2023-11-17,11,75.0,205483,3.424716666666667,0,1
6W9l02gRsXVxzIuQC1oc1X,pretty isn’t pretty,Olivia Rodrigo,2023-09-08,9,77.0,199422,3.3237,1,1
3IX0yuEVvDbnqUwMBB3ouC,bad idea right?,Olivia Rodrigo,2023-09-08,9,76.0,184783,3.0797166666666667,1,1
2gyxAWHebV7xPYVxqoi86f,get him back!,Olivia Rodrigo,2023-09-08,9,75.0,211141,3.5190166666666665,1,1
5CscrLqFBgPfZR8fGtikov,making the bed,Olivia Rodrigo,2023-09-08,9,78.0,198866,3.314433333333333,0,1
6QT6j7rKt7Vk3IuV2AUO9W,lacy,Olivia Rodrigo,2023-09-08,9,82.0,177212,2.953533333333333,0,1
1kuGVB7EU95pJObxwvfwKS,vampire,Olivia Rodrigo,2023-09-08,9,84.0,219724,3.6620666666666666,1,1
3dKYak9dKL8YeHx5jMokoP,logical,Olivia Rodrigo,2023-09-08,9,43.0,231907,3.8651166666666668,0,0
5byCIls9176kVaCUqEf88j,making the bed,Olivia Rodrigo,2023-09-08,9,44.0,198866,3.314433333333333,0,0
4Jo1lAhjCEAh9JQPW6HbNi,lacy,Olivia Rodrigo,2023-09-08,9,49.0,177212,2.953533333333333,0,0
3uDWvu6ueYFB3GAi7rdWgG,teenage dream,Olivia Rodrigo,2023-09-08,9,41.0,222358,3.705966666666667,0,0
1haoEnXbsUS3OFIWaUJ3wb,love is embarrassing,Olivia Rodrigo,2023-09-08,9,45.0,154516,2.575266666666667,0,0
1XiFjtUMNldDO7pcVKla7p,ballad of a homeschooled girl,Olivia Rodrigo,2023-09-08,9,42.0,203369,3.389483333333333,0,0
017XoCDd56XCi7WwNICmkC,deja vu,Olivia Rodrigo,2023-04-16,4,45.0,215507,3.5917833333333333,1,0
7cbT1mGtNabb4eJIKequf2,the grudge,Olivia Rodrigo,2023-09-08,9,47.0,189386,3.156433333333333,0,0
0k9kGwvEHiGLGKq6OE7TP2,all-american bitch,Olivia Rodrigo,2023-09-08,9,47.0,165833,2.7638833333333332,0,0
5w05UaUMvDNUjgXptqmEcu,pretty isn’t pretty,Olivia Rodrigo,2023-09-08,9,50.0,199422,3.3237,0,0
4vTkieCtQPP9sFo4qVXdcP,get him back!,Olivia Rodrigo,2023-09-08,9,51.0,211141,3.5190166666666665,0,0
0Aj0pG8cJNjZK8zO2Wtgm8,bad idea right?,Olivia Rodrigo,2023-09-08,9,51.0,184783,3.0797166666666667,0,0
1Wbjyt4KwhZAjN0MykDuoZ,deja vu,Olivia Rodrigo,2023-10-27,10,22.0,215507,3.5917833333333333,1,0
3WDl8UXnbZAAdxIER8WfoX,deja vu,Olivia Rodrigo,2023-11-14,11,21.0,215507,3.5917833333333333,1,0
5o4Q6r3ghAteEMEux3RD6d,deja vu,Olivia Rodrigo,2023-09-01,9,20.0,215507,3.5917833333333333,0,0
28IAldunNpwemYPqQlgnT9,"jealousy, jealousy",Olivia Rodrigo,2023-04-14,4,21.0,173160,2.886,0,0
1uuq22TR5FcUXuWl7ceQe2,deja vu,Olivia Rodrigo,2023-04-03,4,22.0,215507,3.5917833333333333,1,0
1N5j7DJdUUCdasOQbrgTuu,"1 step forward, 3 steps back",Olivia Rodrigo,2023-09-07,9,15.0,163586,2.7264333333333335,1,0
5CVUVBMUpEHAR1kqgLLKRj,deja vu,Olivia Rodrigo,2023-05-31,5,22.0,215507,3.5917833333333333,0,0
0EXlGg8QzfM1QMg6waBn7o,deja vu,Olivia Rodrigo,2023-09-12,9,23.0,215507,3.5917833333333333,0,0
7r3P4UVlVcy3b2sfbgRy1y,good 4 u,Olivia Rodrigo,2023-11-07,11,9.0,178147,2.969116666666667,1,0
0afEgqDgpfOJrRKVHQCZU0,traitor,Olivia Rodrigo,2023-01-10,1,10.0,229226,3.8204333333333333,0,0
5GQndWBE8h991PFdembqKG,"1 step forward, 3 steps back",Olivia Rodrigo,2023-07-21,7,9.0,163586,2.7264333333333335,1,0
2bnGP2Wy6vnOSdoLKs9Gy9,happier,Olivia Rodrigo,2023-04-14,4,12.0,175933,2.9322166666666667,1,0
2RxbQGeoGGupiuXj8zi8Md,good 4 u,Olivia Rodrigo,2023-10-27,10,7.0,178147,2.969116666666667,1,0
4qa2UTtUHb4u6pfGmz9E5d,happier,Olivia Rodrigo,2023-11-09,11,12.0,175933,2.9322166666666667,1,0
2i6YkuQlDCi7CGreDXNlJk,favorite crime,Olivia Rodrigo,2023-09-08,9,8.0,152666,2.5444333333333335,0,0
4m7C42gWQLQS2G1fLmT4HB,hope ur ok,Olivia Rodrigo,2023-11-17,11,11.0,209560,3.4926666666666666,0,0
3bvvuIbliqwLTtbeO6BRZJ,happier,Olivia Rodrigo,2023-10-27,10,12.0,175933,2.9322166666666667,1,0
0zwu9zqLD9wp2klAHalJlG,favorite crime,Olivia Rodrigo,2023-08-15,8,11.0,152666,2.5444333333333335,0,0
4qXZc6G7MogPuXoKgf7CmZ,good 4 u,Olivia Rodrigo,2023-05-31,5,11.0,178147,2.969116666666667,0,0
6pZ8BJOIaHeoHNEr1AqLyq,brutal,Olivia Rodrigo,2023-04-14,4,8.0,143746,2.395766666666667,1,0
6nLQaKXJKjNpl2RWie3PpG,hope ur ok,Olivia Rodrigo,2023-03-06,3,9.0,209560,3.4926666666666666,0,0
1odPk64jhsubZbBOm9EyVt,traitor,Olivia Rodrigo,2023-10-06,10,10.0,229226,3.8204333333333333,0,0
0LSynJzfXbPV1V2vSaaYO9,brutal,Olivia Rodrigo,2023-04-15,4,3.0,143746,2.395766666666667,1,0
4mX5TDXPp9zjG15Ka6zCVY,brutal,Olivia Rodrigo,2023-04-07,4,3.0,143746,2.395766666666667,1,0
70ZMD3onGp1gOg7O9e468Q,hope ur ok,Olivia Rodrigo,2023-07-21,7,5.0,209560,3.4926666666666666,0,0
5sNdmOJLXKALwMaUAfgnDs,happier,Olivia Rodrigo,2023-04-08,4,12.0,175933,2.9322166666666667,0,0
1y6gmWUijO6G1mM438FsJQ,happier,Olivia Rodrigo,2023-09-04,9,8.0,175933,2.9322166666666667,1,0
5Y9bPxvGx6saOK62bW5uMs,favorite crime,Olivia Rodrigo,2023-07-03,7,8.0,152666,2.5444333333333335,0,0
7jgVPhfiFVdUgqvUubOuZ5,hope ur ok,Olivia Rodrigo,2023-11-03,11,6.0,209560,3.4926666666666666,0,0
3XzMSuy6rTlW0vUoQ5mcUQ,happier,Olivia Rodrigo,2023-02-22,2,10.0,175933,2.9322166666666667,0,0
2ts9IFNJkMKEv7JuYSOKZd,good 4 u,Olivia Rodrigo,2023-11-13,11,10.0,178147,2.969116666666667,1,0
5w40ZYhbBMAlHYNDaVJIUu,Chemical,Post Malone,2023-04-14,4,74.0,184013,3.066883333333333,1,1
22VHOlVYBqytsrAqV8yXBK,Dial Drunk (with Post Malone),Noah Kahan,2023-07-18,7,77.0,213817,3.563616666666667,1,1
0gWrMbx6pbdH3n3nsLjE55,Mourning,Post Malone,2023-05-19,5,60.0,147819,2.46365,1,0
3BHFResGQiUvbYToUdaDQz,Enough Is Enough,Post Malone,2023-07-28,7,62.0,165175,2.7529166666666667,1,0
0cuNKdwaFrDJ4G1hYxI6aI,Texas Tea,Post Malone,2023-07-28,7,60.0,139360,2.3226666666666667,1,0
3FtQes77xlbS9QTVts7p2u,Too Cool To Die,Post Malone,2023-07-28,7,61.0,204952,3.4158666666666666,1,0
444vevlQjTnKioLLncteGv,Something Real,Post Malone,2023-07-28,7,60.0,205287,3.42145,1,0
4MXqpnu9lAqqkjSHVlBVoZ,Pickup Man,HIXTAPE,2023-11-09,11,54.0,216194,3.6032333333333333,0,0
3t0ic4mkhvhamrKDkulB8v,Overdrive,Post Malone,2023-07-14,7,57.0,147679,2.461316666666667,0,0
6V1TqJxtw3P0ouCKICvl9l,Novacandy,Post Malone,2023-07-28,7,54.0,197287,3.288116666666667,1,0
4mahloUW5K6KeGijwnMGDr,Sign Me Up,Post Malone,2023-07-28,7,55.0,198937,3.3156166666666667,1,0
3uMO7jmdXxwSijvxNXDgE4,Overdrive,Post Malone,2023-07-28,7,55.0,147679,2.461316666666667,0,0
26EjM7ZMAnWOKPAuKNOX24,Laugh It Off,Post Malone,2023-07-28,7,55.0,246503,4.108383333333333,1,0
3pI3nzi2Y0Iyj1nATDOeQV,Mourning,Post Malone,2023-07-28,7,56.0,147819,2.46365,1,0
1bSS3K3xpmizze5OsndqpF,Dial Drunk (with Post Malone),Noah Kahan,2023-07-18,7,46.0,213817,3.563616666666667,0,0
7jvtmQ3onpWeUm7dyFSSSc,Chemical,Post Malone,2023-07-28,7,58.0,183410,3.0568333333333335,1,0
4qtxILwBcAHEHbG7R0xF4r,Hold My Breath,Post Malone,2023-07-28,7,50.0,208904,3.481733333333333,0,0
4kD3OqYqX2kJCUTEscRBxO,Joy,Post Malone,2023-08-02,8,51.0,287428,4.790466666666667,0,0
6wOmmoM5nyS6mOyzo9wDjC,Buyer Beware,Post Malone,2023-07-28,7,51.0,173481,2.89135,1,0
4qzEjmuz380jeiBJp31oDY,Chemical,Post Malone,2023-04-14,4,51.0,184004,3.0667333333333335,0,0
5oJw81e2Tzr2rC0lHXnDPb,Speedometer,Post Malone,2023-07-28,7,51.0,162103,2.7017166666666665,0,0
373nrXuYab2ryFwNjHDLxZ,Something Real,Post Malone,2023-08-02,8,48.0,205287,3.42145,1,0
5NsdWdkHR3AScw6EKj51CA,Mourning,Post Malone,2023-08-02,8,48.0,147819,2.46365,1,0
0lZZebcSfJdm5LhDRtE0jx,Chemical,Post Malone,2023-08-02,8,50.0,183410,3.0568333333333335,1,0
4MTuL20LF3pWebeJbcNh7p,Don't Understand,Post Malone,2023-07-28,7,51.0,183379,3.0563166666666666,0,0
6Sjg6cp8yXtKX5DrcEl7HV,Landmine,Post Malone,2023-07-28,7,52.0,184607,3.076783333333333,0,0
3ZcJaN63FKEMxDWWPefsiW,Socialite,Post Malone,2023-07-28,7,52.0,199021,3.3170166666666665,1,0
112EmZwJNonJymivU3KOVl,What You Say (feat. Post Malone & The Kid LAROI),YoungBoy Never Broke Again,2023-04-21,4,44.0,243399,4.05665,1,0
0StmYC06yWLxe15Jrkj33m,Overdrive,Post Malone,2023-04-21,4,52.0,147679,2.461316666666667,0,0
1SbhGBqvszQ9h0P7bOM79z,Mourning,Post Malone,2023-04-21,4,52.0,147819,2.46365,1,0
07MXbWeFj8wrdLVvLCnzWw,Speedometer,Post Malone,2023-08-02,8,45.0,162103,2.7017166666666665,0,0
1UdagWdhnDqK9a0aWQpReY,Laugh It Off,Post Malone,2023-08-02,8,45.0,246503,4.108383333333333,1,0
37MvrBi4UHnb1BjRVTysWm,Socialite,Post Malone,2023-08-02,8,44.0,199021,3.3170166666666665,1,0
72khpWnaVccMIEfJNLbzf4,Don't Understand,Post Malone,2023-08-02,8,45.0,183379,3.0563166666666666,0,0
35PZZmwJIEvwfI4z1nMXRI,Sign Me Up,Post Malone,2023-08-02,8,46.0,198937,3.3156166666666667,1,0
38qzuxvgmEEtlKIE9jDJWK,Texas Tea,Post Malone,2023-08-02,8,45.0,139360,2.3226666666666667,1,0
1jekKGHnTIFpOIVRzlbJOW,Enough Is Enough,Post Malone,2023-08-02,8,46.0,165175,2.7529166666666667,1,0
0RouqUmBBafKBAH3TdIm8l,Novacandy,Post Malone,2023-08-02,8,46.0,197287,3.288116666666667,1,0
71snOgSRnUsYu2G74VBy40,Overdrive,Post Malone,2023-08-02,8,47.0,147679,2.461316666666667,0,0
03VEWFuke6NBTcwZR1rykF,Mourning,Post Malone,2023-05-19,5,43.0,147819,2.46365,0,0
2c7nur5ufdWji2RvzSmxa5,Chemical,Post Malone,2023-07-28,7,42.0,183410,3.0568333333333335,0,0
4Q9r41IbGhNCTdgjxH9w8t,Too Cool To Die,Post Malone,2023-08-02,8,48.0,204952,3.4158666666666666,1,0
0HS8nptHdSq4SB1tAHcDQF,Hold My Breath,Post Malone,2023-08-02,8,45.0,208904,3.481733333333333,0,0
04J9hE3RhAsecsgVWl70jW,Green Thumb,Post Malone,2023-07-28,7,47.0,159406,2.6567666666666665,0,0
04dOWTTfT2PBfurCek1W2E,White Iverson,Post Malone,2023-11-15,11,36.0,256532,4.275533333333334,1,0
2YsUgzl8cw0ClgyobjqLBu,Enough Is Enough,Post Malone,2023-07-28,7,37.0,165175,2.7529166666666667,0,0
0H3JdE4HVvGnOvjcWGiEfn,Candy Paint,Post Malone,2023-04-21,4,34.0,227537,3.7922833333333332,1,0
0onScSO7HtUxKaqxtj0X23,Green Thumb,Post Malone,2023-08-02,8,42.0,159406,2.6567666666666665,0,0
26aVUWea1a8Vp82JpauBNZ,Psycho (feat. Ty Dolla $ign),Post Malone,2023-04-21,4,38.0,221446,3.6907666666666668,1,0
3ImFFwUPvzvqh9A00FRpAE,Buyer Beware,Post Malone,2023-08-02,8,44.0,173481,2.89135,1,0
0F1Q86bN53DpDPodt5VYNs,Take What You Want (feat. Ozzy Osbourne & Travis Scott),Post Malone,2023-04-21,4,44.0,229579,3.8263166666666666,0,0
6RFQBhkNheX5McADjusfjB,Landmine,Post Malone,2023-08-02,8,44.0,184607,3.076783333333333,0,0
6l8mgVN9Xf1hiDIFGA6CTE,AMERICA HAS A PROBLEM (feat. Kendrick Lamar),Beyoncé,2023-05-19,5,62.0,260962,4.349366666666667,1,0
1h6w4POXM2LfG4ZD4xUfZQ,The Hillbillies,Baby Keem,2023-06-05,6,60.0,204800,3.4133333333333336,1,0
3r5lHFACTti0w2REN5tcrn,Sidewalks (feat. Kendrick Lamar),The Weeknd,2023-03-14,3,44.0,231357,3.85595,1,0
5xlLG6RthtyXShVhGA3ojN,AMERICA HAS A PROBLEM (feat. Kendrick Lamar),Beyoncé,2023-05-19,5,42.0,260962,4.349366666666667,0,0
11C4y2Yz1XbHmaQwO06s9f,Dance The Night,Dua Lipa,2023-07-21,7,69.0,176579,2.9429833333333333,0,1
1vYXt7VSjH9JIM5oRRo7vA,Dance The Night - From Barbie The Album,Dua Lipa,2023-05-25,5,81.0,176579,2.9429833333333333,0,1
5vVND8Mey78LZaljL8Nmpd,Houdini - Adam Port Mix,Dua Lipa,2023-11-09,11,59.0,202000,3.3666666666666667,0,0
2L0MWNSUPNEVubHdlncIgY,Levitating,Dua Lipa,2023-09-01,9,41.0,203064,3.3844,0,0
65AjgsSuwgD1vj7Y7XGe6I,Houdini,Dua Lipa,2023-11-09,11,41.0,185917,3.0986166666666666,0,0
6NDP5xSAMXZvZV54xJUVZ7,Houdini (London Sessions),Dua Lipa,2023-11-09,11,37.0,182738,3.0456333333333334,0,0
6LlfNW9JzD0USPRkD8imdc,Dance The Night,Dua Lipa,2023-07-21,7,33.0,176579,2.9429833333333333,0,0
2Gk6fi0dqt91NKvlzGsmm7,SAY MY GRACE (feat. Travis Scott),Offset,2023-10-13,10,68.0,173253,2.88755,1,1
76gcXhY3Zv6wW0BTe9nHJo,TIL FURTHER NOTICE (feat. James Blake & 21 Savage),Travis Scott,2023-07-28,7,75.0,314836,5.2472666666666665,1,1
6w9GrSUaQQIaMBYtabge7p,Embarrassed (feat. Travis Scott),Don Toliver,2023-02-28,2,72.0,192693,3.21155,1,1
1i9lZvlaDdWDPyXEE95aiq,TELEKINESIS (feat. SZA & Future),Travis Scott,2023-07-28,7,76.0,353754,5.8959,1,1
4kjI1gwQZRKNDkw1nI475M,MY EYES,Travis Scott,2023-07-28,7,80.0,251249,4.187483333333334,1,1
6wsqVwoiVH2kde4k4KKAFU,I KNOW ?,Travis Scott,2023-07-28,7,80.0,211582,3.5263666666666666,1,1
42VsgItocQwOQC3XWZ8JNA,FE!N (feat. Playboi Carti),Travis Scott,2023-07-28,7,84.0,191700,3.195,1,1
3KCNiDi9Pza6ZD8FggNoaw,MODERN JAM (feat. Teezo Touchdown),Travis Scott,2023-07-28,7,66.0,255412,4.256866666666666,1,0
0hL9gOw6XBWsygEUcVjxEc,HYAENA,Travis Scott,2023-07-28,7,67.0,222085,3.701416666666667,1,1
1PH2MDbcBAU094DlgTIND1,THANK GOD,Travis Scott,2023-07-28,7,69.0,184888,3.0814666666666666,1,1
0bkV1iQHSxBaksUqgEkcbc,SKITZO (feat. Young Thug),Travis Scott,2023-07-28,7,67.0,366592,6.109866666666667,1,1
0lodMO0qK83vfPiiD7FMEt,TOPIA TWINS (feat. Rob49 & 21 Savage),Travis Scott,2023-07-28,7,72.0,223173,3.71955,1,1
7LSpFCvRZZot2AlmkUzy9k,SIRENS,Travis Scott,2023-07-28,7,65.0,204447,3.40745,1,0
2Hc1LaV6bzFil3dE71eORA,Aye (feat. Travis Scott),Lil Uzi Vert,2023-06-30,6,61.0,207835,3.4639166666666665,1,0
3KEMjT3QVfKIl4E9DIcrmF,FE!N (feat. Playboi Carti),Travis Scott,2023-07-26,7,64.0,191702,3.1950333333333334,0,0
7EiUtdeoWcKqLi5ELZCjYf,LOST FOREVER (feat. Westside Gunn),Travis Scott,2023-07-28,7,62.0,163071,2.71785,1,0
0a4SMs889NwP8oWI7Vemle,LOOOVE (feat. Kid Cudi),Travis Scott,2023-07-28,7,62.0,226715,3.778583333333333,1,0
04WxWo7XeVyx22xEsrWRUb,GOD'S COUNTRY,Travis Scott,2023-07-28,7,63.0,127991,2.133183333333333,1,0
7H3FchOw88kkcGH5d8kCb0,Ring Ring,CHASE B,2023-05-11,5,50.0,186833,3.1138833333333333,1,0
4CljUDO1I5hpKjwSNK6RWY,Water - Remix,Tyla,2023-11-17,11,54.0,200255,3.3375833333333333,0,0
0r75DNlHu4recmKUdZeMfG,"Wit Da Racks (feat. 21 Savage, Travis Scott & Yak Gotti)",Young Thug,2023-06-23,6,51.0,226413,3.77355,1,0
2Q0aElTZQtEUsoiaQfizu6,PARASAIL (feat. Yung Lean & Dave Chappelle),Travis Scott,2023-07-28,7,57.0,154964,2.5827333333333335,0,0
0OEe83mMZ5kaNw5uZQ7ilG,DELRESTO (ECHOES) (feat. Beyoncé),Travis Scott,2023-07-28,7,59.0,274137,4.56895,0,0
4Zsi5pyvmZBxvRg0KeDFMC,Abracadabra (feat. Travis Scott),Young Thug,2023-06-23,6,49.0,247733,4.1288833333333335,1,0
2uhKoZLKLmxGxnIR1I1Vdi,I KNOW ?,Travis Scott,2023-07-26,7,46.0,211582,3.5263666666666666,0,0
6EpZVG2zXeXGUitW8979U8,DELRESTO (ECHOES) (feat. Beyoncé),Travis Scott,2023-07-26,7,45.0,274137,4.56895,0,0
60om0XhleyPKnNnmzkWR7l,Embarrassed (feat. Travis Scott),Don Toliver,2023-02-23,2,47.0,192693,3.21155,1,0
7x5eFT2bneXycmYKfz5NMo,MY EYES,Travis Scott,2023-07-26,7,53.0,251249,4.187483333333334,0,0
3CNbrXrUrEARw8zeKNCdYo,GUCCI LOS PAÑOS,KAROL G,2023-02-24,2,67.0,186453,3.10755,1,1
5bD6mFl116xCxVMLy7IK9F,GATITA GANGSTER,KAROL G,2023-08-10,8,64.0,170920,2.8486666666666665,1,0
7gUtEoYJcPnhF4bJAJ3O8q,GATITA GANGSTER,KAROL G,2023-08-11,8,53.0,170920,2.8486666666666665,1,0
2oMjKuKUEJFuLiVmTq7Vjx,TQG,KAROL G,2023-02-23,2,65.0,198360,3.306,1,0
3gOI5aQD4mOMLsP3aWrkon,TUS GAFITAS,KAROL G,2023-02-24,2,65.0,167786,2.7964333333333333,0,0
6Vn1vje8yMw2OY6IOk9dkH,GATÚBELA,KAROL G,2023-02-24,2,66.0,208013,3.4668833333333335,0,0
4NoOME4Dhf4xgxbHDT7VGe,X SI VOLVEMOS,KAROL G,2023-02-24,2,76.0,200120,3.3353333333333333,1,1
6otePxalBK8AVa20xhZYVQ,MIENTRAS ME CURO DEL CORA,KAROL G,2023-02-24,2,75.0,164386,2.7397666666666667,0,1
4bycD60yZgR6anIBtmU8UH,MAÑANA SERÁ BONITO,KAROL G,2023-02-24,2,68.0,210986,3.5164333333333335,0,1
0GJwUAlBMJTbY4VE7iE761,UNA NOCHE EN MEDELLÍN - REMIX,KAROL G,2023-08-10,8,76.0,205144,3.4190666666666667,1,1
54zcJnb3tp9c5OVKREZ1Is,MI EX TENÍA RAZÓN,KAROL G,2023-08-10,8,78.0,154374,2.5729,0,1
1dw7qShk971xMD6r6mA4VN,PERO TÚ,KAROL G,2023-02-24,2,74.0,183480,3.058,1,1
0DWdj2oZMBFSzRsi2Cvfzf,TQG,KAROL G,2023-02-24,2,80.0,197933,3.2988833333333334,1,1
5RqSsdzTNPX1uzkmlHCFvK,QLONA,KAROL G,2023-08-10,8,79.0,172797,2.87995,1,1
505v13epFXodT9fVAJ6h8k,AMARGURA,KAROL G,2023-02-24,2,82.0,170480,2.8413333333333335,1,1
3HqcNJdZ2seoGxhn0wVNDK,PROVENZA,KAROL G,2023-02-24,2,81.0,207626,3.4604333333333335,0,1
3Zyk5Vd9WNPNVWxvb0EZTk,X SI VOLVEMOS,KAROL G,2023-02-03,2,64.0,203360,3.3893333333333335,1,0
35FW5OEe4p38LdjK1KqT2X,Tá OK (Remix),DENNIS,2023-08-03,8,68.0,171760,2.8626666666666667,0,1
3mFNc5EQn30irR983Wg9OD,KÁRMIKA,KAROL G,2023-02-24,2,67.0,236586,3.9431,0,1
601dhwn8qc31FrSlMu5wEf,OKI DOKI,KAROL G,2023-08-11,8,64.0,143789,2.3964833333333333,1,0
7eTv2OTr3aY5iKtFdBusoA,BESTIES,KAROL G,2023-02-24,2,64.0,162146,2.7024333333333335,1,0
16dUQ4quIHDe4ZZ0wF1EMN,CAIRO,KAROL G,2023-02-24,2,69.0,198666,3.3111,1,1
4iGQ8o9Ih6J1OuDDGCXSCL,DISPO,KAROL G,2023-08-11,8,63.0,193961,3.232683333333333,1,0
3goYw6YHoCjA1sfBzpdgzH,CAROLINA,KAROL G,2023-02-24,2,69.0,162093,2.70155,0,1
1HLaJowFbNM3MPyqnk5vjW,Labios Mordidos (with KAROL G),Kali Uchis,2023-11-24,11,58.0,195373,3.2562166666666665,0,0
3XB5uhhlYSnkxpSihkNQwh,QLONA,KAROL G,2023-08-11,8,70.0,172797,2.87995,1,1
5yAIrkplUEpMNeojW8Q30o,OJOS FERRARI,KAROL G,2023-02-24,2,63.0,180040,3.0006666666666666,1,0
0BFQC00Y58JtjMyTXOJazO,S91,KAROL G,2023-08-10,8,67.0,173005,2.8834166666666667,0,1
7mLPSkAJraASgNk6ywyTkp,MI EX TENÍA RAZÓN,KAROL G,2023-08-11,8,63.0,154374,2.5729,0,0
0v2Swij0g2VfvSq3c3uaG3,Don't Be Shy,Tiësto,2023-04-21,4,64.0,140500,2.341666666666667,1,0
4gJfPoMIcSDGY0tMGxm6Fu,OKI DOKI,KAROL G,2023-08-10,8,65.0,143789,2.3964833333333333,1,0
2PRmf1sl1EV0zceL9dbvxE,OJOS FERRARI,KAROL G,2023-02-23,2,49.0,180466,3.0077666666666665,1,0
6MZi5j60L80SZLBxN0bv8s,WATATI (feat. Aldo Ranks) [From Barbie The Album],KAROL G,2023-06-01,6,57.0,166882,2.7813666666666665,0,0
5CQXesQM39J0CBnY0Npp6S,BICHOTAG,KAROL G,2023-08-11,8,54.0,133977,2.23295,1,0
6NlJtxTYtt0b8tY2IAZDAV,S91,KAROL G,2023-08-11,8,56.0,173005,2.8834166666666667,0,0
4QpoPO2Z9xqESwEsfTjaLj,PERO TÚ,KAROL G,2023-02-23,2,63.0,183906,3.0651,1,0
5AwdJhVYK64TDpfdRa1DyN,ME TENGO QUE IR,KAROL G,2023-08-11,8,53.0,276904,4.615066666666666,0,0
7EpOXgSRgnglRWr86pZfGU,S91,KAROL G,2023-07-14,7,60.0,173005,2.8834166666666667,0,0
6KCvMsAiL6WseKEFsWoPgc,MERCURIO,KAROL G,2023-02-24,2,61.0,160426,2.673766666666667,1,0
3jUDqkHatwtprUmZ8epP8P,DAÑAMOS LA AMISTAD,KAROL G,2023-02-24,2,58.0,174960,2.916,1,0
0sTYyWXP6DUJ0032QvZ8i6,AMARGURA,KAROL G,2023-05-19,5,57.0,170906,2.8484333333333334,1,0
22AVtdVU43dMFTeWaUCthT,QUE CHIMBA DE VIDA,KAROL G,2023-12-14,12,61.0,123351,2.05585,1,0
1Uvl2i3MlsoqGConBaKi7G,ME TENGO QUE IR,KAROL G,2023-08-10,8,54.0,276904,4.615066666666666,0,0
6ejks4eS7DOoYW8hrpRcDV,UNA NOCHE EN MEDELLÍN - REMIX,KAROL G,2023-08-11,8,61.0,205144,3.4190666666666667,1,0
4cij6PgtL4NSeiLZpJX8Hz,Good In The Valley - Acoustic,Austin Ridge Worship,2023-03-17,3,24.0,204480,3.408,0,0
0JDzwUkxHmoGd7su8ER2Ce,BICHOTAG,KAROL G,2023-08-10,8,45.0,133977,2.23295,1,0
5Pt5PdAOOXLdYiXAIl68K6,WATATI (feat. Aldo Ranks),KAROL G,2023-07-21,7,44.0,166882,2.7813666666666665,0,0
7DmP5W2DbhXC7uKYbYXtIm,PROVENZA - REMIX,KAROL G,2023-08-11,8,51.0,187670,3.1278333333333332,0,0
7xHNDiHAqzjIKKeR8f5vhH,PROVENZA - REMIX,KAROL G,2023-08-10,8,51.0,187670,3.1278333333333332,0,0
7rrWh2XIse8URW74454keQ,KÁRMIKA,KAROL G,2023-02-23,2,50.0,237013,3.9502166666666665,0,0
5gUysq7aO7v7EcV5kQWgeh,QLONA,KAROL G,2023-08-10,8,43.0,172797,2.87995,1,0
7fYKZFLRRlcBIQ17V1E5qE,Door Of The North,Carol Maddox,2023-01-13,1,33.0,154992,2.5832,0,0
464xCLSwwwMT8GWAve4cIt,Innocent Consent,Caroline Carr,2023-05-24,5,33.0,207326,3.455433333333333,1,0
0ZqG4ho1U6jWGLao3P2yPt,HolyGhost,Tj Carroll,2023-12-01,12,20.0,100440,1.674,0,0
6rW59tCymYExUPEzkS6grQ,GUCCI LOS PAÑOS,KAROL G,2023-05-05,5,20.0,186453,3.10755,1,0
7c8gbGEhFEMnLHOFO2gbUd,DISPO,KAROL G,2023-08-10,8,37.0,193961,3.232683333333333,1,0
0Kp9Q3Wii4qO7AGHB2YuIp,UNA NOCHE EN MEDELLÍN - REMIX,KAROL G,2023-08-10,8,39.0,205144,3.4190666666666667,1,0
5mOQ1AIC0MXzQ26a46ucOF,MAÑANA SERÁ BONITO,KAROL G,2023-02-23,2,37.0,211400,3.5233333333333334,0,0
2mXl01XyGFBLmZEv4M1dzf,Paz Sem Fim (Nada Quebrado) - Ao Vivo,Carol Braga,2023-12-08,12,58.0,348181,5.803016666666666,0,0
0mCBgI8c86M0v84lY9fQhW,DAÑAMOS LA AMISTAD,KAROL G,2023-02-23,2,43.0,175386,2.9231,1,0
5YABYtKx9qa56vBjlXDbmw,Snooze (Acoustic) (feat. Justin Bieber),SZA,2023-09-15,9,68.0,190464,3.1744,1,1
4gQBXN2GBRpemMuxg5y3h9,Slime You Out (feat. SZA),Drake,2023-11-17,11,51.0,310490,5.174833333333333,1,0
0dn6S6lJqAIQg90kMmWtVj,NO SZNS,Jean Dawson,2023-09-22,9,53.0,213026,3.5504333333333333,0,0
0rc1HCVoReqzzXF9jssqZk,Special (feat. SZA),Lizzo,2023-02-09,2,52.0,174748,2.9124666666666665,1,0
2ty6DmPnxVPpEFuB23XM0x,Kill Bill - Sped Up Version,SZA,2023-01-13,1,56.0,137528,2.292133333333333,0,0
1wfYQIXAzt300l6i1aYiNS,Rich Baby Daddy (feat. Sexyy Red & SZA),Drake,2023-10-05,10,49.0,319190,5.319833333333333,0,0
2DSy4HfDQoBsPPcRSoeM16,Rich Baby Daddy (feat. Sexyy Red & SZA),Drake,2023-11-17,11,51.0,319191,5.31985,1,0
24yrJJkmVUMkJHvCaR85BN,Snooze,SZA,2023-08-25,8,42.0,201800,3.3633333333333333,1,0
6FzcGZyk1TX65Eq05fGOcA,TELEKINESIS (feat. SZA & Future),Travis Scott,2023-07-26,7,43.0,353754,5.8959,0,0
54HO2KPz2thslNq6yomWOF,Slime You Out (feat. SZA),Drake,2023-09-15,9,45.0,310490,5.174833333333333,0,0
4hXiv4MkvpojVHc30jDp8r,Snooze - Sped Up,SZA,2023-08-25,8,41.0,171520,2.8586666666666667,1,0
5omrod7aSABIjugObd9gKK,Just Won't Burn,Susan Tedeschi,2023-09-22,9,35.0,286226,4.770433333333333,0,0
6lLxiu2jSzT9QeHxcvajX0,Spiritually Savage,SZALTANA,2023-05-05,5,32.0,162249,2.70415,1,0
7cgqtkJcvgMLsVcFFcKuXH,Kill Bill - Vocals,SZA,2023-01-13,1,37.0,153946,2.5657666666666668,0,0
7x0nNG6f03yu9Kon0OcTUV,Snooze (Acoustic) (feat. Justin Bieber),SZA,2023-09-14,9,37.0,190464,3.1744,0,0
1kTnBps67CwkDeAEMrIMth,Kill Bill,SZA,2023-01-13,1,43.0,153946,2.5657666666666668,0,0
0k096lf5daQ0JozAj9EYZT,Kill Bill - Instrumental,SZA,2023-01-13,1,38.0,153946,2.5657666666666668,0,0
5ReIs3aH4wfBjp93QOtWAl,Kill Bill - Acoustic,SZA,2023-01-24,1,42.0,168608,2.8101333333333334,0,0
3m3D8V4zQke8zZQqaDixE6,Snooze - Instrumental,SZA,2023-08-25,8,39.0,201813,3.36355,1,0
6KMbZt7u6AlDia2NPO0Liv,Slime You Out (feat. SZA),Drake,2023-10-05,10,42.0,310490,5.174833333333333,0,0
1Onx2O64wzyA7ZzOsBBqBJ,The Way (feat. Mac Miller),Ariana Grande,2023-08-25,8,52.0,227033,3.7838833333333333,0,0
5CaCfz5nD893Y6cC7hm9Zz,Good as Hell (feat. Ariana Grande),Lizzo,2023-11-04,11,48.0,159011,2.650183333333333,1,0
5JVMTPWkg7U14ga4up1rSm,Tattooed Heart - Live from London,Ariana Grande,2023-08-25,8,51.0,193998,3.2333,0,0
1ucNmUIwlCSNjla3a1qpfL,Honeymoon Avenue - Live from London,Ariana Grande,2023-08-25,8,50.0,295544,4.9257333333333335,0,0
4VUp83ibStl36qC7UOxGkF,The Way - Live from London (feat. Mac Miller),Ariana Grande,2023-08-25,8,51.0,213694,3.5615666666666668,0,0
